acquisition_type,display_rate,count
Bequest,29.315389116442365,1709
Gift,9.089068825910932,4940
Other,35.36804308797127,557
Purchase/Fund,12.764771460423635,1794
Unknown,60.0,5
