area_quartile,display_rate,count
Q1 (smallest),9.21169176262179,2258
Q2,16.570155902004455,2245
Q3,16.65926254997779,2251
Q4 (largest),18.836072856508217,2251
