tag_list,mean,count
Cranes,0.0,33
Krishna,0.0,72
Lotuses,0.0,33
Buffalos,0.0,20
Pavilions,0.0,35
Peonies,0.0,37
Roosters,0.0,20
Radha,0.0,29
Poetry,0.0,29
Poets,0.0,24
Plants,1.3157894736842104,76
Leaves,1.36986301369863,73
Buddhism,2.1201413427561837,283
Deities,2.5316455696202533,79
Bodhisattvas,2.586206896551724,116
Insects,3.0303030303030303,33
Abstraction,3.2467532467532463,308
Tigers,3.4482758620689653,29
Butterflies,3.4482758620689653,29
Fans,3.7037037037037033,27
